TIME,VR(B),VI(B)
0.00000000e+00,0.00000000e+00,0.00000000e+00
