TIME,V(1),R1:R,R2:R,{V(2)},d_{V(2)}/d_R2:R_dir
0.00000000e+00,0.00000000e+00,1.00000000e+00,1.00000000e+00,0.00000000e+00,0.00000000e+00
2.00000000e-01,2.00000000e-01,1.00000000e+00,1.00000000e+00,1.03687091e-01,5.18435456e-02
4.00000000e-01,4.00000000e-01,1.00000000e+00,1.00000000e+00,2.03687091e-01,1.01843546e-01
6.00000000e-01,6.00000000e-01,1.00000000e+00,1.00000000e+00,3.03687091e-01,1.51843546e-01
8.00000000e-01,8.00000000e-01,1.00000000e+00,1.00000000e+00,4.03687091e-01,2.01843546e-01
1.00000000e+00,1.00000000e+00,1.00000000e+00,1.00000000e+00,5.00000000e-01,2.50000000e-01
