TIME,R1:R,VM(B)
0.00000000e+00,2.00000000e+00,0.00000000e+00
