TIME,V(1)
0.00000000e+00,0.00000000e+00
1.00000000e-04,1.00000000e-01
2.00000000e-04,2.00000000e-01
3.00000000e-04,3.00000000e-01
4.00000000e-04,4.00000000e-01
5.00000000e-04,5.00000000e-01
6.00000000e-04,6.00000000e-01
7.00000000e-04,7.00000000e-01
8.00000000e-04,8.00000000e-01
9.00000000e-04,9.00000000e-01
1.00000000e-03,1.00000000e+00
